nameID,name_title,first_name,last_name
1,Mr,Noah,Bouchard
2,Ms,Glenda,Rhodes
3,Madame,Béatrice,Clement
4,Mr,Eray,Verhaag
5,Mr,Edgar,Kjelsrud
6,Mr,Harry,Brown
7,Mr,Eugene,Jones
8,Mr,Toledo,Monteiro
9,Mr,Veer,Gamskar
10,Ms,Katherine,Carroll
11,Miss,Stella,Lewis
12,Mr,Frederikke,Petersen
13,Miss,Margret,Pahl
14,Mr,Flynn,Kuiperij
15,Mr,Turbrid,Lukashevich
16,Mr,Juan,Benavides
17,Mr,Jordan,Hunt
18,Mr,Sebastien,Van Meerveld
19,Mr,Adalbert,Ehrenberg
20,Mrs,Marija,Šakić
21,name_title,first_name,last_name
22,Mr,Noah,Bouchard
23,Ms,Glenda,Rhodes
24,Madame,Béatrice,Clement
25,Mr,Eray,Verhaag
26,Mr,Edgar,Kjelsrud
27,Mr,Harry,Brown
28,Mr,Eugene,Jones
29,Mr,Toledo,Monteiro
30,Mr,Veer,Gamskar
31,Ms,Katherine,Carroll
32,Miss,Stella,Lewis
33,Mr,Frederikke,Petersen
34,Miss,Margret,Pahl
35,Mr,Flynn,Kuiperij
36,Mr,Turbrid,Lukashevich
37,Mr,Juan,Benavides
38,Mr,Jordan,Hunt
39,Mr,Sebastien,Van Meerveld
40,Mr,Adalbert,Ehrenberg
41,Mrs,Marija,Šakić
