id_name,id_value,nameID,gender,locationID,email,uuid,dobID,registeredID,phone,cell,pictureID,nationality
SIN,825757404,,male,,noah.bouchard@example.com,b145a8dc-fb54-41a5-9254-ae36cafed8a5,,,U69 X85-6381,X76 K17-1999,,CA
SSN,009-88-9644,,female,,glenda.rhodes@example.com,eca62c1f-ef6f-493f-88c4-679c34fc3021,,,(733) 480-8550,(939) 289-4541,,US
AVS,756.3499.3472.19,,female,,beatrice.clement@example.com,ae4123bc-975c-4122-96c6-5cd1d111674e,,,075 926 76 55,076 331 40 22,,CH
BSN,93563842,,male,,eray.verhaag@example.com,ecb06a1a-c0f7-4c7d-bd6a-f114fbc9b3d9,,,(084) 5583385,(06) 15688148,,NL
FN,09079349523,,male,,edgar.kjelsrud@example.com,e9937168-188f-4e9c-9d9c-f1278a20b56c,,,31223532,91429442,,NO
,,,male,,harry.brown@example.com,b46ed176-2844-4c3a-9a67-3add8490b1ce,,,(418)-177-0504,(746)-535-2013,,NZ
NINO,LW 38 88 87 J,,male,,eugene.jones@example.com,0defb9ac-5c11-41ed-9116-df66aa00e651,,,015394 45283,07337 313509,,GB
CPF,241.281.511-47,,male,,toledo.monteiro@example.com,c8aae52f-06b5-4b69-b36e-22e3fcaccc38,,,(50) 2832-9974,(75) 0528-9361,,BR
UIDAI,381922300381,,male,,veer.gamskar@example.com,c6074ebf-0afd-45ba-9661-b9b7c1d55bc2,,,7900923171,9025643096,,IN
NINO,ZJ 05 95 08 R,,female,,katherine.carroll@example.com,d50a554e-0d88-40f4-a0ef-687200fddea6,,,015242 33206,07785 610154,,GB
,,,female,,stella.lewis@example.com,c221cbd9-783e-4d82-ad86-30d17cb63f4a,,,(160)-466-4927,(563)-721-5544,,NZ
CPR,161071-7278,,male,,frederikke.petersen@example.com,88545270-4457-4ff5-bb41-fb04e88a6610,,,81713319,46068545,,DK
SVNR,43 080487 P 765,,female,,margret.pahl@example.com,9dd90fcf-c620-4e69-9d55-d8fdb804edb5,,,0998-5253583,0173-7970810,,DE
BSN,99165805,,male,,flynn.kuiperij@example.com,acd27ee5-8a5d-4736-ad46-2b136e57e8ad,,,(0105) 226189,(06) 22310083,,NL
,,,male,,turbrid.lukashevich@example.com,c00554d7-ad1d-4224-b685-3c264e6630bc,,,(096) P47-3584,(068) S80-1000,,UA
NSS,06 51 34 9740 5,,male,,juan.benavides@example.com,0c9652bc-4493-4dc2-80cd-31c63e2bc081,,,(664) 140 0448,(608) 460 1636,,MX
PPS,8852757T,,male,,jordan.hunt@example.com,6a858403-5725-478f-8b4c-c7ecf97691ba,,,041-765-8807,081-739-9353,,IE
BSN,07424021,,male,,sebastien.vanmeerveld@example.com,e7771b50-daa9-4b38-a039-524d6663185e,,,(046) 2854365,(06) 11724777,,NL
SVNR,71 070267 E 170,,male,,adalbert.ehrenberg@example.com,8158925c-a6f1-4d06-94d5-db045efc9b8f,,,0884-3000698,0178-0914150,,DE
SID,960531277,,female,,marija.sakic@example.com,89484995-f944-470e-83bc-89783eee34e6,,,039-5763-658,062-0312-606,,RS
